{
  "key_frequencies": [
    5,
    31,
    43
  ],
  "embedding_power": [
    0.7569759488105774,
    0.12241412699222565,
    0.09066928923130035,
    0.053678080439567566,
    0.5846610069274902,
    44.60287094116211,
    0.14968061447143555,
    0.1886165887117386,
    0.12072010338306427,
    0.09200983494520187,
    0.24724604189395905,
    0.6885890960693359,
    0.17675474286079407,
    0.08759616315364838,
    0.0775877982378006,
    0.234500914812088,
    0.14372187852859497,
    0.13406801223754883,
    0.17139962315559387,
    0.17188988626003265,
    0.19646382331848145,
    0.2560862898826599,
    0.12565049529075623,
    0.22262495756149292,
    0.08042711764574051,
    0.1026059165596962,
    0.1815865933895111,
    0.15733276307582855,
    0.08407434821128845,
    0.06978808343410492,
    0.14382854104042053,
    55.418426513671875,
    0.20192766189575195,
    0.1424477994441986,
    0.08086977899074554,
    0.901536226272583,
    0.1184680163860321,
    0.07189321517944336,
    0.10498490929603577,
    0.13554647564888,
    0.18911981582641602,
    0.20764899253845215,
    0.1737840473651886,
    54.45060348510742,
    0.12976711988449097,
    0.08689479529857635,
    0.11626265943050385,
    0.10079656541347504,
    0.08903302252292633
  ],
  "mlp_power_vs_a": [
    154902.71875,
    1.9274506568908691,
    3.8461616039276123,
    0.9907064437866211,
    50.191925048828125,
    18748.134765625,
    3.163414716720581,
    3.147374153137207,
    6.067905426025391,
    1.2149677276611328,
    90.88679504394531,
    274.1383361816406,
    14.484039306640625,
    1.529756784439087,
    2.3487157821655273,
    25.456253051757812,
    2.471100330352783,
    3.325714588165283,
    1.7882765531539917,
    2.570091724395752,
    4.83346700668335,
    4.323141098022461,
    11.020308494567871,
    21.461536407470703,
    1.293426513671875,
    2.3399062156677246,
    5.632028579711914,
    12.175955772399902,
    1.5778889656066895,
    2.5997114181518555,
    1.9229445457458496,
    31182.90234375,
    57.021385192871094,
    6.06831169128418,
    2.0980496406555176,
    269.8890380859375,
    6.308529853820801,
    2.775404691696167,
    5.5403947830200195,
    2.46512770652771,
    1.724766492843628,
    3.1785483360290527,
    3.410660982131958,
    29201.38671875,
    2.4087440967559814,
    2.3577773571014404,
    2.7848591804504395,
    0.9141279458999634,
    4.472193717956543
  ],
  "mlp_power_vs_b": [
    154902.71875,
    1.942190170288086,
    3.8649988174438477,
    0.9928524494171143,
    50.48460388183594,
    18819.15234375,
    3.1940994262695312,
    3.1791703701019287,
    6.097328186035156,
    1.2152683734893799,
    91.68760681152344,
    272.0877990722656,
    14.612974166870117,
    1.5330464839935303,
    2.3484277725219727,
    25.744157791137695,
    2.4984116554260254,
    3.33738374710083,
    1.798079013824463,
    2.586315393447876,
    4.893033027648926,
    4.3907084465026855,
    11.084474563598633,
    21.608776092529297,
    1.2995398044586182,
    2.3519718647003174,
    5.674893379211426,
    12.224220275878906,
    1.5972533226013184,
    2.612936019897461,
    1.946151852607727,
    31281.62890625,
    57.13401412963867,
    6.102932929992676,
    2.1007275581359863,
    272.0855712890625,
    6.341596603393555,
    2.801206111907959,
    5.523805618286133,
    2.4663944244384766,
    1.7320560216903687,
    3.1772994995117188,
    3.4356954097747803,
    29246.4453125,
    2.4081969261169434,
    2.368481397628784,
    2.7905325889587402,
    0.9157516956329346,
    4.509091377258301
  ]
}